标题,价格,购买人数,邮费,是否天猫,地区
Python Matlab代做 C 优化算法 数据分析 图像处理 建模 程序代做,100.00,7人付款,是,否,北京
SPSS数据分析服务amos问卷stata实证python爬虫R代做eviews统计,100.00,27人付款,是,否,广东 广州
【共3册】Python编程从入门到实践+Python编程快速上手+Python极客项目编程python编程语言从入门到精通程序设计书籍网络爬虫基础,118.00,9人付款,是,否,北京
python深度学习opencv神经网络代码nlp程序代做机器调试爬虫编程,100.00,2000+人付款,是,否,上海
python代编程深度学习机器图像视觉代跑接单lstm代码调试编写爬虫,100.00,2000+人付款,是,否,北京
Python视频教程自学全套Python编程零基础入门到实战网络爬虫课程,1.00,1000+人付款,是,否,北京
python爬虫代做程序接单数据分析采集脚本定制抓取写网站页编程,50.00,900+人付款,是,否,重庆
Python代编程深度学习算法接单代码代做神经网络跑通指导爬虫定制,100.00,700+人付款,是,否,北京
Python编程从入门到实战视频pdf教程设计自学全套教学书籍电子版,5.90,600+人付款,是,否,广东 深圳
python代编程java代码编写C语言C++代做matlab程序计算机设计接单,50.00,500+人付款,是,否,北京
python深度学习pytorch算法神经网络代码nlp程序代做机器爬虫编程,100.00,500+人付款,是,否,北京
问卷调查问卷分析问卷填写问卷实证stata/spss/amos/r/python/sas,100.00,500+人付款,是,否,广东 广州
Python从入门到精通实战 python教程自学全套 编程入门书籍零基础自学电脑计算机程序设计基础python编程从入门到实践语言程序爬虫,36.80,1000+人付款,是,否,广东 广州
网络爬虫数据代爬抓取接单采集程序定制代做编程脚本python代写,50.00,400+人付款,是,否,四川 成都
python代编程深度学习接单辅导代做代码编写调试爬虫数据抓取跑通,100.00,400+人付款,是,否,上海
爬虫数据抓取python接单代做编程深度学习爬取分析收采集软件定制,50.00,400+人付款,是,否,河北 保定
Python程序代做编程接单爬虫代码编写c/c++代编Java网页c#代写,10.00,400+人付款,是,否,广东 广州
udemy课程下载Java机器学习python数据分析,19.90,400+人付款,是,否,广东 广州
少儿核桃编程L1-L8全套视频课程青少年送SCRATCH软件Python编程猫,9.80,300+人付款,是,否,北京
商业数据分析教程SQL全套课程R语言SPSS视频Excel实战网课Python,26.00,300+人付款,是,否,浙江 杭州
python视频教程办公自动化网络爬虫数据分析编程C语言网课程全套,75.00,900+人付款,是,否,北京
二手书Python语言程序设计基础 第二版第2版 嵩天 礼欣 黄天羽 2017年版 高等教育出版社9787040471700教育部大学计算机课程改革,12.98,1000+人付款,是,否,四川 成都
python环境配置/anaconda/tensorflow/pytorch/opencv安装/yolov5,8.00,300+人付款,是,否,北京
【新华书店正版】python编程从入门到实战第2版 计算机零基础自学python编程从入门到实践精通编程精通基础教程程序设计开发书籍,69.80,800+人付款,是,否,浙江 杭州
python深度学习算法代做跑编程序接单指导服务代码编写调试爬虫,100.00,300+人付款,是,否,四川 成都
python爬虫数据抓取代编程程序代码软件脚本编写定制接单代做爬取,50.00,200+人付款,是,否,上海
数据分析课程excel零基础spss电商Python实战sql项目cda视频教程,4.68,200+人付款,是,否,宁夏 石嘴山
python深度学习接单代做跑编程接单指导代码编写调试爬虫数据抓取,100.00,200+人付款,是,否,浙江 杭州
程序java编写python数据分析代码web开发c++设计代做Linux辅导C#,50.00,200+人付款,是,否,广东 深圳
Python代做编程深度学习接单代码编写跑通调试接单爬虫数据抓取,100.00,200+人付款,是,否,北京
蓝桥杯真题蓝桥杯c语言 java python ACM大赛解析算法视频教程,3.99,200+人付款,是,否,北京
python量化金融课程数据分析股票外汇策略程序化投资交易视频教程,0.66,200+人付款,是,否,广东 广州
Python编程从入门到实践 第2版 python数据分析网络爬虫开发实战 程序员编程入门书籍程序设计零基础教材python基础教程自学全套,69.80,600+人付款,是,否,上海
python代编程深度学习pytorch算法神经网络程序机器视觉代做接单,100.00,200+人付款,是,否,北京
666资源站（666java）- IT资源web视频python课程网盘链接代提取,4.88,200+人付款,是,否,江苏 南京
Python教程视频自学全套python编程零基础入门到实战课程爬虫教程,9.80,200+人付款,是,否,浙江 杭州
vscode环境配置 远程安装python/anaconda/c/c++/pip库 代码讲解,9.88,200+人付款,是,否,北京
python机器学习编写java代码辅导c++计算机代做c#程序web开发设计,100.00,200+人付款,是,否,北京
Python编程从入门到精通 第2二版python编程从入门到实战基础实践教程书 计算机电脑语言程序爬虫设计入门自学零基础教程全套书籍,36.80,500+人付款,是,否,河南 郑州
零基础入门学习Python 小甲鱼 python编程从入门到精通实践 pathon语言程序设计实战基础教程全套 计算机电脑编程入门自学书籍,52.80,500+人付款,是,否,河南 郑州
Python语言程序设计基础 第2版第二版 嵩天 礼欣 黄天羽 高等教育出版社 Python语言编程教程 Python入门计算机Python程序设计教材,27.30,600+人付款,是,否,江苏 南京
Spss数据分析服务stata实证amos统计问卷医学Python爬虫处理代做,100.00,200+人付款,是,否,福建 福州
程序代编代做C语言C++/python/C#Java/设计Android安卓等爬虫代写,10.00,100+人付款,是,否,北京
python代编程c语言代写爬虫代编c#程序开发java代码编写接单代做,10.00,100+人付款,是,否,山西 临汾
python项目实例源码算法游戏自动办公Excel处理实战可运行源代码,4.80,100+人付款,是,否,江苏 南京
Python/anaconda/jupyter软件安装包安装视频教程远程安装pip安装,3.00,400+人付款,是,否,北京
python电子书PDF自学课全套零基础入门教程网络爬虫编程数据分析,1.88,100+人付款,是,否,北京
Python深度学习机器神经网络人工智能Tensorflow分析网课视频教程,0.68,100+人付款,是,否,北京
